{"stats":{"minecraft:mined":{"minecraft:sand":12},"minecraft:killed_by":{"mekanismadditions:baby_skeleton":1},"minecraft:custom":{"minecraft:jump":53,"minecraft:time_since_rest":431,"minecraft:deaths":1,"minecraft:damage_dealt":53,"minecraft:walk_on_water_one_cm":1822,"minecraft:sprint_one_cm":12833,"minecraft:leave_game":2,"minecraft:play_time":3609,"minecraft:damage_taken":245,"minecraft:time_since_death":0,"minecraft:walk_one_cm":12340,"minecraft:total_world_time":3609,"minecraft:mob_kills":1,"minecraft:fall_one_cm":3111,"minecraft:fly_one_cm":6649},"minecraft:used":{"minecraft:sand":11},"minecraft:killed":{"minecraft:zombie_villager":1},"minecraft:picked_up":{"minecraft:bone_meal":1,"minecraft:sand":11,"alexsmobs:flying_fish":1}},"DataVersion":3465}