{"stats":{"minecraft:mined":{"minecraft:grass_block":5,"minecraft:sand":2,"minecraft:dirt":6,"minecraft:oak_leaves":3},"minecraft:killed_by":{"minecraft:skeleton":1},"minecraft:custom":{"minecraft:time_since_rest":6056,"minecraft:play_time":8974,"minecraft:sprint_one_cm":11503,"minecraft:walk_one_cm":7858,"minecraft:damage_taken":368,"minecraft:deaths":1,"minecraft:walk_under_water_one_cm":68,"minecraft:mob_kills":1,"minecraft:jump":99,"minecraft:damage_dealt":212,"minecraft:leave_game":1,"minecraft:time_since_death":5993,"minecraft:walk_on_water_one_cm":1486,"minecraft:total_world_time":8974,"minecraft:swim_one_cm":306,"minecraft:fly_one_cm":18178,"minecraft:fall_one_cm":1767},"minecraft:used":{"minecraft:sand":2,"minecraft:dirt":20},"minecraft:killed":{"minecraft:spider":1},"minecraft:picked_up":{"minecraft:sand":3,"alexsmobs:flying_fish":1,"minecraft:dirt":41,"minecraft:string":4,"alexsmobs:animal_dictionary":2}},"DataVersion":3465}